{
  "bolusiob": 0, 
  "iob": 0.053500944066875014, 
  "activity": 0.0008236742424242425
}