{
  "bolusiob": 0, 
  "iob": 0.9336777994550003, 
  "activity": 0.004333472222222223
}