{
  "bolusiob": 0, 
  "iob": 0.09275578851187496, 
  "activity": -0.003035268308080809
}