{
  "bolusiob": 0, 
  "iob": 0.06860690217562501, 
  "activity": -0.0019042361111111118
}