{
  "bolusiob": 0, 
  "iob": 0.16593645374875002, 
  "activity": -0.001670530303030303
}