{
  "bolusiob": 0, 
  "iob": -0.3239832441273527, 
  "activity": -0.0015858019570707059
}