{
  "bolusiob": 0, 
  "iob": 0.9033627368364505, 
  "activity": 0.004333838042929294
}