{
  "bolusiob": 0, 
  "iob": 0.06124215425000001, 
  "activity": 0.000776388888888889
}