{
  "bolusiob": 0, 
  "iob": 0.08500976774656249, 
  "activity": 0.00047274305555555557
}