{
  "bolusiob": 0, 
  "iob": 0.1513610926054258, 
  "activity": 0.003411521527777778
}