{
  "bolusiob": 0, 
  "iob": 0.047580599051875005, 
  "activity": 0.0007947601010101011
}