{
  "bolusiob": 0, 
  "iob": 0.07590375648250001, 
  "activity": 0.0006065277777777778
}