{
  "bolusiob": 0, 
  "iob": -0.14325540815798646, 
  "activity": -0.0011116289267676768
}