{
  "bolusiob": 0, 
  "iob": 0.0579445976425, 
  "activity": 0.0008098611111111111
}