{
  "bolusiob": 0, 
  "iob": 0.12428280134875003, 
  "activity": -0.002634166666666667
}