{
  "bolusiob": 0, 
  "iob": 0.01311320885954937, 
  "activity": -0.0018789579166666665
}