{
  "bolusiob": 0, 
  "iob": 0.044908851041875, 
  "activity": 0.0007811237373737374
}