{
  "bolusiob": 0, 
  "iob": -0.2343230529783625, 
  "activity": -0.0011084917045454542
}