{
  "bolusiob": 0, 
  "iob": -0.1419095465045143, 
  "activity": -0.0010559224116161612
}