{
  "bolusiob": 0, 
  "iob": 0.0984318641425, 
  "activity": 0.00013625
}