{
  "bolusiob": 0, 
  "iob": -0.25413676685406256, 
  "activity": -0.0017678819444444452
}