{
  "bolusiob": 0, 
  "iob": -0.1016663356643601, 
  "activity": -0.002846405
}