{
  "bolusiob": 0, 
  "iob": -0.45466272426908766, 
  "activity": -0.002233636622474748
}