{
  "bolusiob": 0, 
  "iob": 0.18365829317312501, 
  "activity": 0.0005050694444444445
}