{
  "bolusiob": 0, 
  "iob": 0.08750216692000001, 
  "activity": 0.0004294444444444444
}