{
  "bolusiob": 0, 
  "iob": -0.31016751565007816, 
  "activity": -0.0006201736111111115
}