{
  "bolusiob": 0, 
  "iob": 0.14081768209619935, 
  "activity": -0.001844999583333333
}