{
  "bolusiob": 0, 
  "iob": -0.1667202529557132, 
  "activity": -0.0018981056439393944
}