{
  "bolusiob": 0, 
  "iob": 0.5652834088548544, 
  "activity": 0.0031988766792929294
}