{
  "bolusiob": 0, 
  "iob": -0.33248517003187505, 
  "activity": 0.0009870707070707072
}