{
  "bolusiob": 0, 
  "iob": -0.57381483128, 
  "activity": -0.0013344444444444445
}