{
  "bolusiob": 0, 
  "iob": -0.1131078104995307, 
  "activity": -0.0020180046338383836
}