{
  "bolusiob": 0, 
  "iob": -0.574485322415, 
  "activity": -0.0013119444444444446
}