{
  "bolusiob": 0, 
  "iob": -0.15060713669260567, 
  "activity": -0.0014897407449494943
}