{
  "bolusiob": 0, 
  "iob": 0.057229536969999995, 
  "activity": 0.0008169444444444446
}