{
  "bolusiob": 0, 
  "iob": -0.1386938181692007, 
  "activity": -0.0009985259974747464
}