{
  "bolusiob": 0, 
  "iob": 0.1908348197461258, 
  "activity": 0.003616066982323232
}