{
  "bolusiob": 0, 
  "iob": 0.9100499936709375, 
  "activity": 0.006288383838383839
}