{
  "bolusiob": 0, 
  "iob": 0.05420844375, 
  "activity": 0.000827020202020202
}