{
  "bolusiob": 0, 
  "iob": -0.2794231451129688, 
  "activity": -0.0022360921717171716
}