{
  "bolusiob": 0, 
  "iob": -0.18551494073405728, 
  "activity": -0.001060613371212122
}