{
  "bolusiob": 0, 
  "iob": 0.8084099611965627, 
  "activity": 0.007036666666666668
}