{
  "bolusiob": 0, 
  "iob": 0.051184837526875006, 
  "activity": 0.0008125631313131315
}