{
  "bolusiob": 0, 
  "iob": 0.09998073457000001, 
  "activity": 5.277777777777778e-06
}