{
  "bolusiob": 0, 
  "iob": 0.06755665937, 
  "activity": 0.0007080555555555556
}