{
  "bolusiob": 0, 
  "iob": -0.34629310104125005, 
  "activity": -0.00033020833333333334
}