{
  "bolusiob": 0, 
  "iob": 0.8427484029600001, 
  "activity": 0.006850151515151516
}