{
  "bolusiob": 0, 
  "iob": -0.18864939189593827, 
  "activity": -0.00207537837121212
}