{
  "bolusiob": 0, 
  "iob": 0.14859544662125, 
  "activity": -0.0021530176767676767
}