{
  "bolusiob": 0, 
  "iob": 0.05237597400750002, 
  "activity": 0.0008183080808080808
}