{
  "bolusiob": 0, 
  "iob": -0.4291315731398226, 
  "activity": -0.002726641742424243
}