{
  "bolusiob": 0, 
  "iob": 0.7361904499762503, 
  "activity": 0.007321212121212122
}