{
  "bolusiob": 0, 
  "iob": -0.3327993291528855, 
  "activity": 0.0022351200126262613
}