{
  "bolusiob": 0, 
  "iob": -0.24367689898093753, 
  "activity": -0.0030550252525252527
}